Protocol,Mode,NetworkType,Nodes,Sinks,PPS,PacketSize,Seed,SimTime,MinSpeed,MaxSpeed,CcBaseThreshold,TxPackets,RxPackets,LostPackets,PDR(%),PacketLossRate(%),AvgE2EDelay(ms),Throughput(Kbps),TotalEnergyJ,AvgEnergyPerNodeJ
Standard AODV,aodv,802.11,100,10,100,512,1,10.00,5.00,5.00,4,18641,6107,12534,32.76,67.24,315.8079,234.39,1678.5847,16.7858
Standard AODV,aodv,802.11,20,10,100,512,1,20.00,5.00,5.00,4,23280,14196,9084,60.98,39.02,335.4096,2443.77,513.5229,25.6761
Standard AODV,aodv,802.11,40,10,100,512,1,20.00,5.00,5.00,4,23617,5805,17812,24.58,75.42,298.6259,578.17,1013.3893,25.3347
Standard AODV,aodv,802.11,60,10,100,512,1,15.00,5.00,5.00,4,21633,5492,16141,25.39,74.61,296.5356,172.94,1264.8118,21.0802
Standard AODV,aodv,802.11,80,10,100,512,1,10.00,5.00,5.00,4,17130,4649,12481,27.14,72.86,342.0379,176.22,1343.9062,16.7988
CC-AODV,cc-aodv,802.11,100,10,100,512,1,10.00,5.00,5.00,4,20707,6650,14057,32.11,67.89,300.9465,252.78,1683.7501,16.8375
CC-AODV,cc-aodv,802.11,20,10,100,512,1,20.00,5.00,5.00,4,21782,13971,7811,64.14,35.86,333.7287,2574.98,513.8260,25.6913
CC-AODV,cc-aodv,802.11,40,10,100,512,1,20.00,5.00,5.00,4,25990,6738,19252,25.93,74.07,295.6771,458.91,1016.6569,25.4164
CC-AODV,cc-aodv,802.11,60,10,100,512,1,15.00,5.00,5.00,4,21245,4937,16308,23.24,76.76,348.2474,177.78,1262.8463,21.0474
CC-AODV,cc-aodv,802.11,80,10,100,512,1,10.00,5.00,5.00,4,19071,5980,13091,31.36,68.64,336.9880,228.52,1348.9389,16.8617
ECC-AODV,ecc-aodv,802.11,100,10,100,512,1,10.00,5.00,5.00,4,20761,6642,14119,31.99,68.01,313.5052,258.26,1686.6285,16.8663
ECC-AODV,ecc-aodv,802.11,20,10,100,512,1,20.00,5.00,5.00,4,21403,14142,7261,66.07,33.93,346.6451,2685.99,514.1373,25.7069
ECC-AODV,ecc-aodv,802.11,40,10,100,512,1,20.00,5.00,5.00,4,23880,6610,17270,27.68,72.32,280.9442,717.26,1015.4401,25.3860
ECC-AODV,ecc-aodv,802.11,60,10,100,512,1,15.00,5.00,5.00,4,20364,4161,16203,20.43,79.57,323.4530,110.84,1262.0212,21.0337
ECC-AODV,ecc-aodv,802.11,80,10,100,512,1,10.00,5.00,5.00,4,18500,5091,13409,27.52,72.48,316.1608,192.93,1347.1174,16.8390
Standard AODV,aodv,802.15.4,100,10,100,512,1,10.00,5.00,5.00,4,16267,6699,9568,41.18,58.82,133.8065,322.71,1693.0399,16.9304
Standard AODV,aodv,802.15.4,20,10,100,512,1,20.00,5.00,5.00,4,21365,2694,18671,12.61,87.39,326.9201,271.82,527.8114,26.3906
Standard AODV,aodv,802.15.4,40,10,100,512,1,20.00,5.00,5.00,4,23972,4864,19108,20.29,79.71,278.7159,268.59,1046.2324,26.1558
Standard AODV,aodv,802.15.4,60,10,100,512,1,15.00,5.00,5.00,4,21363,6846,14517,32.05,67.95,187.2627,337.55,1289.5236,21.4921
Standard AODV,aodv,802.15.4,80,10,100,512,1,10.00,5.00,5.00,4,15026,5648,9378,37.59,62.41,150.7429,324.54,1357.8768,16.9735
CC-AODV,cc-aodv,802.15.4,100,10,100,512,1,10.00,5.00,5.00,4,13577,4210,9367,31.01,68.99,155.3154,207.41,1686.7581,16.8676
CC-AODV,cc-aodv,802.15.4,20,10,100,512,1,20.00,5.00,5.00,4,21308,2740,18568,12.86,87.14,348.7246,281.03,527.0979,26.3549
CC-AODV,cc-aodv,802.15.4,40,10,100,512,1,20.00,5.00,5.00,4,22867,4001,18866,17.50,82.50,288.2648,281.14,1041.3111,26.0328
CC-AODV,cc-aodv,802.15.4,60,10,100,512,1,15.00,5.00,5.00,4,18511,4583,13928,24.76,75.24,241.9533,301.25,1284.4266,21.4071
CC-AODV,cc-aodv,802.15.4,80,10,100,512,1,10.00,5.00,5.00,4,13580,4325,9255,31.85,68.15,192.7427,289.13,1365.1312,17.0641
ECC-AODV,ecc-aodv,802.15.4,100,10,100,512,1,10.00,5.00,5.00,4,18281,8592,9689,47.00,53.00,100.7250,376.54,1689.5850,16.8959
ECC-AODV,ecc-aodv,802.15.4,20,10,100,512,1,20.00,5.00,5.00,4,21270,3130,18140,14.72,85.28,379.5245,342.81,526.7656,26.3383
ECC-AODV,ecc-aodv,802.15.4,40,10,100,512,1,20.00,5.00,5.00,4,27245,7783,19462,28.57,71.43,161.2668,296.95,1042.6310,26.0658
ECC-AODV,ecc-aodv,802.15.4,60,10,100,512,1,15.00,5.00,5.00,4,23495,8498,14997,36.17,63.83,146.6756,279.07,1284.7663,21.4128
ECC-AODV,ecc-aodv,802.15.4,80,10,100,512,1,10.00,5.00,5.00,4,14576,5088,9488,34.91,65.09,133.1524,278.23,1358.7208,16.9840
Standard AODV,aodv,802.11,40,10,100,512,1,20.00,5.00,5.00,4,23617,5805,17812,24.58,75.42,298.6259,578.17,1013.3893,25.3347
Standard AODV,aodv,802.11,40,20,100,512,1,20.00,5.00,5.00,4,44285,11892,32393,26.85,73.15,312.0992,1790.02,1023.3003,25.5825
Standard AODV,aodv,802.11,40,20,100,512,1,20.00,5.00,5.00,4,44285,11892,32393,26.85,73.15,312.0992,1790.02,1023.3003,25.5825
Standard AODV,aodv,802.11,40,20,100,512,1,20.00,5.00,5.00,4,44285,11892,32393,26.85,73.15,312.0992,1790.02,1023.3003,25.5825
Standard AODV,aodv,802.11,40,20,100,512,1,20.00,5.00,5.00,4,44285,11892,32393,26.85,73.15,312.0992,1790.02,1023.3003,25.5825
CC-AODV,cc-aodv,802.11,40,10,100,512,1,20.00,5.00,5.00,4,25990,6738,19252,25.93,74.07,295.6771,458.91,1016.6569,25.4164
CC-AODV,cc-aodv,802.11,40,20,100,512,1,20.00,5.00,5.00,4,42560,10131,32429,23.80,76.20,253.4646,1554.18,1019.9979,25.4999
CC-AODV,cc-aodv,802.11,40,20,100,512,1,20.00,5.00,5.00,4,42560,10131,32429,23.80,76.20,253.4646,1554.18,1019.9979,25.4999
CC-AODV,cc-aodv,802.11,40,20,100,512,1,20.00,5.00,5.00,4,42560,10131,32429,23.80,76.20,253.4646,1554.18,1019.9979,25.4999
CC-AODV,cc-aodv,802.11,40,20,100,512,1,20.00,5.00,5.00,4,42560,10131,32429,23.80,76.20,253.4646,1554.18,1019.9979,25.4999
ECC-AODV,ecc-aodv,802.11,40,10,100,512,1,20.00,5.00,5.00,4,23880,6610,17270,27.68,72.32,280.9442,717.26,1015.4401,25.3860
ECC-AODV,ecc-aodv,802.11,40,20,100,512,1,20.00,5.00,5.00,4,42474,10893,31581,25.65,74.35,227.6178,1801.70,1020.3486,25.5087
ECC-AODV,ecc-aodv,802.11,40,20,100,512,1,20.00,5.00,5.00,4,42474,10893,31581,25.65,74.35,227.6178,1801.70,1020.3486,25.5087
ECC-AODV,ecc-aodv,802.11,40,20,100,512,1,20.00,5.00,5.00,4,42474,10893,31581,25.65,74.35,227.6178,1801.70,1020.3486,25.5087
ECC-AODV,ecc-aodv,802.11,40,20,100,512,1,20.00,5.00,5.00,4,42474,10893,31581,25.65,74.35,227.6178,1801.70,1020.3486,25.5087
Standard AODV,aodv,802.15.4,40,10,100,512,1,20.00,5.00,5.00,4,23972,4864,19108,20.29,79.71,278.7159,268.59,1046.2324,26.1558
Standard AODV,aodv,802.15.4,40,20,100,512,1,20.00,5.00,5.00,4,43388,6477,36911,14.93,85.07,245.9580,668.33,1050.6533,26.2663
Standard AODV,aodv,802.15.4,40,20,100,512,1,20.00,5.00,5.00,4,43388,6477,36911,14.93,85.07,245.9580,668.33,1050.6533,26.2663
Standard AODV,aodv,802.15.4,40,20,100,512,1,20.00,5.00,5.00,4,43388,6477,36911,14.93,85.07,245.9580,668.33,1050.6533,26.2663
Standard AODV,aodv,802.15.4,40,20,100,512,1,20.00,5.00,5.00,4,43388,6477,36911,14.93,85.07,245.9580,668.33,1050.6533,26.2663
CC-AODV,cc-aodv,802.15.4,40,10,100,512,1,20.00,5.00,5.00,4,22867,4001,18866,17.50,82.50,288.2648,281.14,1041.3111,26.0328
CC-AODV,cc-aodv,802.15.4,40,20,100,512,1,20.00,5.00,5.00,4,41717,5954,35763,14.27,85.73,335.4257,775.56,1048.2438,26.2061
CC-AODV,cc-aodv,802.15.4,40,20,100,512,1,20.00,5.00,5.00,4,41717,5954,35763,14.27,85.73,335.4257,775.56,1048.2438,26.2061
CC-AODV,cc-aodv,802.15.4,40,20,100,512,1,20.00,5.00,5.00,4,41717,5954,35763,14.27,85.73,335.4257,775.56,1048.2438,26.2061
CC-AODV,cc-aodv,802.15.4,40,20,100,512,1,20.00,5.00,5.00,4,41717,5954,35763,14.27,85.73,335.4257,775.56,1048.2438,26.2061
ECC-AODV,ecc-aodv,802.15.4,40,10,100,512,1,20.00,5.00,5.00,4,27245,7783,19462,28.57,71.43,161.2668,296.95,1042.6310,26.0658
ECC-AODV,ecc-aodv,802.15.4,40,20,100,512,1,20.00,5.00,5.00,4,41576,6024,35552,14.49,85.51,358.1158,777.46,1048.4559,26.2114
ECC-AODV,ecc-aodv,802.15.4,40,20,100,512,1,20.00,5.00,5.00,4,41576,6024,35552,14.49,85.51,358.1158,777.46,1048.4559,26.2114
ECC-AODV,ecc-aodv,802.15.4,40,20,100,512,1,20.00,5.00,5.00,4,41576,6024,35552,14.49,85.51,358.1158,777.46,1048.4559,26.2114
ECC-AODV,ecc-aodv,802.15.4,40,20,100,512,1,20.00,5.00,5.00,4,41576,6024,35552,14.49,85.51,358.1158,777.46,1048.4559,26.2114
Standard AODV,aodv,802.11,40,10,100,512,1,20.00,5.00,5.00,4,23617,5805,17812,24.58,75.42,298.6259,578.17,1013.3893,25.3347
Standard AODV,aodv,802.11,40,10,200,512,1,20.00,5.00,5.00,4,43027,7510,35517,17.45,82.55,403.9155,881.66,1015.7504,25.3938
Standard AODV,aodv,802.11,40,10,300,512,1,20.00,5.00,5.00,4,61385,3768,57617,6.14,93.86,481.8700,269.16,1015.8805,25.3970
Standard AODV,aodv,802.11,40,10,400,512,1,20.00,5.00,5.00,4,82437,5003,77434,6.07,93.93,350.0206,243.36,1016.7265,25.4182
Standard AODV,aodv,802.11,40,10,500,512,1,20.00,5.00,5.00,4,101012,5606,95406,5.55,94.45,416.6385,389.13,1015.7028,25.3926
CC-AODV,cc-aodv,802.11,40,10,100,512,1,20.00,5.00,5.00,4,25990,6738,19252,25.93,74.07,295.6771,458.91,1016.6569,25.4164
CC-AODV,cc-aodv,802.11,40,10,200,512,1,20.00,5.00,5.00,4,46612,8138,38474,17.46,82.54,336.2590,531.61,1019.0070,25.4752
CC-AODV,cc-aodv,802.11,40,10,300,512,1,20.00,5.00,5.00,4,62196,4771,57425,7.67,92.33,402.5770,334.95,1015.3966,25.3849
CC-AODV,cc-aodv,802.11,40,10,400,512,1,20.00,5.00,5.00,4,83134,5904,77230,7.10,92.90,329.2852,303.17,1015.3862,25.3847
CC-AODV,cc-aodv,802.11,40,10,500,512,1,20.00,5.00,5.00,4,102395,6657,95738,6.50,93.50,377.2406,370.31,1013.4148,25.3354
ECC-AODV,ecc-aodv,802.11,40,10,100,512,1,20.00,5.00,5.00,4,23880,6610,17270,27.68,72.32,280.9442,717.26,1015.4401,25.3860
ECC-AODV,ecc-aodv,802.11,40,10,200,512,1,20.00,5.00,5.00,4,43464,5404,38060,12.43,87.57,381.3868,389.10,1014.1303,25.3533
ECC-AODV,ecc-aodv,802.11,40,10,300,512,1,20.00,5.00,5.00,4,60965,3185,57780,5.22,94.78,416.3796,229.52,1014.1587,25.3540
ECC-AODV,ecc-aodv,802.11,40,10,400,512,1,20.00,5.00,5.00,4,82117,6345,75772,7.73,92.27,404.5218,565.74,1016.0561,25.4014
ECC-AODV,ecc-aodv,802.11,40,10,500,512,1,20.00,5.00,5.00,4,101138,6573,94565,6.50,93.50,397.5148,595.42,1018.3626,25.4591
Standard AODV,aodv,802.15.4,40,10,100,512,1,20.00,5.00,5.00,4,23972,4864,19108,20.29,79.71,278.7159,268.59,1046.2324,26.1558
Standard AODV,aodv,802.15.4,40,10,200,512,1,20.00,5.00,5.00,4,42612,4506,38106,10.57,89.43,234.5788,272.57,1041.2498,26.0312
Standard AODV,aodv,802.15.4,40,10,300,512,1,20.00,5.00,5.00,4,61083,4059,57024,6.65,93.35,259.1271,237.19,1043.6100,26.0902
Standard AODV,aodv,802.15.4,40,10,400,512,1,20.00,5.00,5.00,4,80783,5050,75733,6.25,93.75,255.3415,347.92,1044.7118,26.1178
Standard AODV,aodv,802.15.4,40,10,500,512,1,20.00,5.00,5.00,4,99161,4466,94695,4.50,95.50,273.7729,314.34,1043.2762,26.0819
CC-AODV,cc-aodv,802.15.4,40,10,100,512,1,20.00,5.00,5.00,4,22867,4001,18866,17.50,82.50,288.2648,281.14,1041.3111,26.0328
CC-AODV,cc-aodv,802.15.4,40,10,200,512,1,20.00,5.00,5.00,4,42154,4552,37602,10.80,89.20,286.0368,319.06,1040.8714,26.0218
CC-AODV,cc-aodv,802.15.4,40,10,300,512,1,20.00,5.00,5.00,4,60673,4069,56604,6.71,93.29,307.1414,285.15,1044.5769,26.1144
CC-AODV,cc-aodv,802.15.4,40,10,400,512,1,20.00,5.00,5.00,4,79730,4389,75341,5.50,94.50,313.7837,342.84,1043.8820,26.0971
CC-AODV,cc-aodv,802.15.4,40,10,500,512,1,20.00,5.00,5.00,4,99079,3934,95145,3.97,96.03,218.1115,227.07,1038.4062,25.9602
ECC-AODV,ecc-aodv,802.15.4,40,10,100,512,1,20.00,5.00,5.00,4,27245,7783,19462,28.57,71.43,161.2668,296.95,1042.6310,26.0658
ECC-AODV,ecc-aodv,802.15.4,40,10,200,512,1,20.00,5.00,5.00,4,44192,6047,38145,13.68,86.32,185.1614,269.07,1039.1202,25.9780
ECC-AODV,ecc-aodv,802.15.4,40,10,300,512,1,20.00,5.00,5.00,4,64356,6661,57695,10.35,89.65,150.8665,216.81,1037.0437,25.9261
ECC-AODV,ecc-aodv,802.15.4,40,10,400,512,1,20.00,5.00,5.00,4,80347,4322,76025,5.38,94.62,213.9270,230.13,1039.8847,25.9971
ECC-AODV,ecc-aodv,802.15.4,40,10,500,512,1,20.00,5.00,5.00,4,99965,5123,94842,5.12,94.88,179.9383,260.92,1035.7350,25.8934
Standard AODV,aodv,802.11,40,10,100,512,1,20.00,10.00,10.00,4,26778,10067,16711,37.59,62.41,260.3572,1020.32,1022.5387,25.5635
Standard AODV,aodv,802.11,40,10,100,512,1,20.00,15.00,15.00,4,23365,7638,15727,32.69,67.31,281.6475,1074.80,1016.1563,25.4039
Standard AODV,aodv,802.11,40,10,100,512,1,20.00,20.00,20.00,4,24323,9485,14838,39.00,61.00,303.1591,1273.66,1020.1301,25.5033
Standard AODV,aodv,802.11,40,10,100,512,1,20.00,25.00,25.00,4,24929,8510,16419,34.14,65.86,366.5681,1015.21,1017.2960,25.4324
Standard AODV,aodv,802.11,40,10,100,512,1,20.00,5.00,5.00,4,23617,5805,17812,24.58,75.42,298.6259,578.17,1013.3893,25.3347
CC-AODV,cc-aodv,802.11,40,10,100,512,1,20.00,10.00,10.00,4,25171,7710,17461,30.63,69.37,269.4836,750.57,1018.8761,25.4719
CC-AODV,cc-aodv,802.11,40,10,100,512,1,20.00,15.00,15.00,4,24348,7057,17291,28.98,71.02,301.1254,738.64,1016.7734,25.4193
CC-AODV,cc-aodv,802.11,40,10,100,512,1,20.00,20.00,20.00,4,23704,8863,14841,37.39,62.61,337.2632,1262.52,1019.9011,25.4975
CC-AODV,cc-aodv,802.11,40,10,100,512,1,20.00,25.00,25.00,4,23953,8180,15773,34.15,65.85,261.4574,1030.15,1017.2973,25.4324
CC-AODV,cc-aodv,802.11,40,10,100,512,1,20.00,5.00,5.00,4,25990,6738,19252,25.93,74.07,295.6771,458.91,1016.6569,25.4164
ECC-AODV,ecc-aodv,802.11,40,10,100,512,1,20.00,10.00,10.00,4,24551,7384,17167,30.08,69.92,254.7531,795.50,1013.6060,25.3401
ECC-AODV,ecc-aodv,802.11,40,10,100,512,1,20.00,15.00,15.00,4,23227,8194,15033,35.28,64.72,303.3945,1170.98,1016.9134,25.4228
ECC-AODV,ecc-aodv,802.11,40,10,100,512,1,20.00,20.00,20.00,4,23791,8808,14983,37.02,62.98,363.8446,1242.43,1017.3627,25.4341
ECC-AODV,ecc-aodv,802.11,40,10,100,512,1,20.00,25.00,25.00,4,23846,10530,13316,44.16,55.84,341.1765,1599.55,1017.7104,25.4428
ECC-AODV,ecc-aodv,802.11,40,10,100,512,1,20.00,5.00,5.00,4,23880,6610,17270,27.68,72.32,280.9442,717.26,1015.4401,25.3860
Standard AODV,aodv,802.15.4,40,10,100,512,1,20.00,10.00,10.00,4,23892,4657,19235,19.49,80.51,261.2758,278.38,1041.2899,26.0322
Standard AODV,aodv,802.15.4,40,10,100,512,1,20.00,15.00,15.00,4,23736,4237,19499,17.85,82.15,295.2985,239.43,1040.1394,26.0035
Standard AODV,aodv,802.15.4,40,10,100,512,1,20.00,20.00,20.00,4,23724,4059,19665,17.11,82.89,279.5148,188.18,1037.6100,25.9402
Standard AODV,aodv,802.15.4,40,10,100,512,1,20.00,25.00,25.00,4,23388,4279,19109,18.30,81.70,308.6816,332.56,1038.3197,25.9580
Standard AODV,aodv,802.15.4,40,10,100,512,1,20.00,5.00,5.00,4,23972,4864,19108,20.29,79.71,278.7159,268.59,1046.2324,26.1558
CC-AODV,cc-aodv,802.15.4,40,10,100,512,1,20.00,10.00,10.00,4,23131,4038,19093,17.46,82.54,348.5922,263.98,1040.1341,26.0034
CC-AODV,cc-aodv,802.15.4,40,10,100,512,1,20.00,15.00,15.00,4,23121,3952,19169,17.09,82.91,308.6027,230.09,1038.3641,25.9591
CC-AODV,cc-aodv,802.15.4,40,10,100,512,1,20.00,20.00,20.00,4,23173,4489,18684,19.37,80.63,309.6232,348.34,1039.4144,25.9854
CC-AODV,cc-aodv,802.15.4,40,10,100,512,1,20.00,25.00,25.00,4,22027,3630,18397,16.48,83.52,293.1811,333.92,1034.6270,25.8657
CC-AODV,cc-aodv,802.15.4,40,10,100,512,1,20.00,5.00,5.00,4,22867,4001,18866,17.50,82.50,288.2648,281.14,1041.3111,26.0328
ECC-AODV,ecc-aodv,802.15.4,40,10,100,512,1,20.00,10.00,10.00,4,24404,5010,19394,20.53,79.47,200.7464,213.67,1038.1998,25.9550
ECC-AODV,ecc-aodv,802.15.4,40,10,100,512,1,20.00,15.00,15.00,4,24808,5146,19662,20.74,79.26,230.1596,218.16,1036.6061,25.9152
ECC-AODV,ecc-aodv,802.15.4,40,10,100,512,1,20.00,20.00,20.00,4,22171,3817,18354,17.22,82.78,302.0676,344.75,1036.0413,25.9010
ECC-AODV,ecc-aodv,802.15.4,40,10,100,512,1,20.00,25.00,25.00,4,26156,6592,19564,25.20,74.80,260.0425,381.87,1040.3423,26.0086
ECC-AODV,ecc-aodv,802.15.4,40,10,100,512,1,20.00,5.00,5.00,4,27245,7783,19462,28.57,71.43,161.2668,296.95,1042.6310,26.0658
