Time(s),NodeId,QueueSize(packets)
1.00,0,0
1.00,1,0
1.00,2,0
1.00,3,0
1.00,4,0
1.00,5,0
1.00,6,0
1.00,7,0
1.00,8,0
1.00,9,0
1.00,10,0
1.00,11,0
1.00,12,0
1.00,13,0
1.00,14,0
1.00,15,0
1.00,16,0
1.00,17,0
1.00,18,0
1.00,19,0
2.00,0,0
2.00,1,0
2.00,2,0
2.00,3,0
2.00,4,0
2.00,5,0
2.00,6,0
2.00,7,0
2.00,8,0
2.00,9,0
2.00,10,0
2.00,11,0
2.00,12,0
2.00,13,0
2.00,14,64
2.00,15,0
2.00,16,0
2.00,17,0
2.00,18,30
2.00,19,0
3.00,0,0
3.00,1,0
3.00,2,0
3.00,3,0
3.00,4,0
3.00,5,0
3.00,6,0
3.00,7,64
3.00,8,0
3.00,9,0
3.00,10,0
3.00,11,0
3.00,12,0
3.00,13,0
3.00,14,64
3.00,15,0
3.00,16,0
3.00,17,64
3.00,18,0
3.00,19,64
4.00,0,64
4.00,1,0
4.00,2,0
4.00,3,0
4.00,4,0
4.00,5,64
4.00,6,64
4.00,7,0
4.00,8,0
4.00,9,0
4.00,10,42
4.00,11,64
4.00,12,0
4.00,13,0
4.00,14,0
4.00,15,49
4.00,16,0
4.00,17,1
4.00,18,0
4.00,19,64
5.00,0,0
5.00,1,0
5.00,2,0
5.00,3,0
5.00,4,0
5.00,5,0
5.00,6,0
5.00,7,0
5.00,8,0
5.00,9,0
5.00,10,0
5.00,11,0
5.00,12,0
5.00,13,0
5.00,14,1
5.00,15,46
5.00,16,0
5.00,17,0
5.00,18,0
5.00,19,64
6.00,0,0
6.00,1,0
6.00,2,0
6.00,3,0
6.00,4,1
6.00,5,0
6.00,6,0
6.00,7,0
6.00,8,64
6.00,9,36
6.00,10,0
6.00,11,0
6.00,12,52
6.00,13,0
6.00,14,0
6.00,15,64
6.00,16,0
6.00,17,0
6.00,18,0
6.00,19,64
7.00,0,0
7.00,1,0
7.00,2,0
7.00,3,0
7.00,4,0
7.00,5,0
7.00,6,0
7.00,7,64
7.00,8,41
7.00,9,33
7.00,10,58
7.00,11,0
7.00,12,64
7.00,13,0
7.00,14,0
7.00,15,0
7.00,16,0
7.00,17,5
7.00,18,0
7.00,19,64
8.00,0,0
8.00,1,0
8.00,2,0
8.00,3,0
8.00,4,0
8.00,5,0
8.00,6,0
8.00,7,0
8.00,8,0
8.00,9,0
8.00,10,0
8.00,11,64
8.00,12,64
8.00,13,0
8.00,14,0
8.00,15,0
8.00,16,0
8.00,17,0
8.00,18,36
8.00,19,0
9.00,0,0
9.00,1,0
9.00,2,0
9.00,3,0
9.00,4,0
9.00,5,0
9.00,6,0
9.00,7,0
9.00,8,0
9.00,9,32
9.00,10,0
9.00,11,3
9.00,12,64
9.00,13,0
9.00,14,0
9.00,15,0
9.00,16,0
9.00,17,64
9.00,18,0
9.00,19,0
10.00,0,0
10.00,1,64
10.00,2,0
10.00,3,0
10.00,4,0
10.00,5,0
10.00,6,0
10.00,7,0
10.00,8,0
10.00,9,0
10.00,10,64
10.00,11,64
10.00,12,0
10.00,13,0
10.00,14,1
10.00,15,0
10.00,16,0
10.00,17,0
10.00,18,4
10.00,19,0
11.00,0,0
11.00,1,64
11.00,2,0
11.00,3,0
11.00,4,0
11.00,5,0
11.00,6,0
11.00,7,0
11.00,8,0
11.00,9,64
11.00,10,0
11.00,11,0
11.00,12,0
11.00,13,0
11.00,14,0
11.00,15,0
11.00,16,0
11.00,17,0
11.00,18,7
11.00,19,1
12.00,0,0
12.00,1,64
12.00,2,0
12.00,3,0
12.00,4,40
12.00,5,0
12.00,6,0
12.00,7,61
12.00,8,49
12.00,9,0
12.00,10,0
12.00,11,21
12.00,12,55
12.00,13,0
12.00,14,0
12.00,15,0
12.00,16,0
12.00,17,0
12.00,18,64
12.00,19,64
13.00,0,0
13.00,1,64
13.00,2,0
13.00,3,0
13.00,4,64
13.00,5,0
13.00,6,0
13.00,7,64
13.00,8,0
13.00,9,0
13.00,10,0
13.00,11,22
13.00,12,53
13.00,13,0
13.00,14,1
13.00,15,0
13.00,16,0
13.00,17,0
13.00,18,64
13.00,19,0
14.00,0,0
14.00,1,0
14.00,2,0
14.00,3,64
14.00,4,3
14.00,5,0
14.00,6,11
14.00,7,53
14.00,8,43
14.00,9,31
14.00,10,41
14.00,11,41
14.00,12,5
14.00,13,0
14.00,14,0
14.00,15,0
14.00,16,0
14.00,17,64
14.00,18,0
14.00,19,0
15.00,0,0
15.00,1,0
15.00,2,0
15.00,3,17
15.00,4,0
15.00,5,0
15.00,6,0
15.00,7,64
15.00,8,30
15.00,9,11
15.00,10,0
15.00,11,64
15.00,12,0
15.00,13,0
15.00,14,1
15.00,15,0
15.00,16,21
15.00,17,27
15.00,18,0
15.00,19,64
16.00,0,0
16.00,1,0
16.00,2,0
16.00,3,64
16.00,4,0
16.00,5,0
16.00,6,0
16.00,7,64
16.00,8,21
16.00,9,0
16.00,10,64
16.00,11,3
16.00,12,18
16.00,13,0
16.00,14,0
16.00,15,0
16.00,16,0
16.00,17,0
16.00,18,0
16.00,19,0
17.00,0,0
17.00,1,0
17.00,2,0
17.00,3,64
17.00,4,0
17.00,5,0
17.00,6,0
17.00,7,64
17.00,8,1
17.00,9,64
17.00,10,15
17.00,11,64
17.00,12,64
17.00,13,0
17.00,14,0
17.00,15,0
17.00,16,0
17.00,17,0
17.00,18,0
17.00,19,64
18.00,0,0
18.00,1,0
18.00,2,0
18.00,3,64
18.00,4,0
18.00,5,0
18.00,6,0
18.00,7,64
18.00,8,24
18.00,9,15
18.00,10,0
18.00,11,64
18.00,12,48
18.00,13,0
18.00,14,0
18.00,15,0
18.00,16,0
18.00,17,0
18.00,18,0
18.00,19,0
19.00,0,0
19.00,1,0
19.00,2,0
19.00,3,64
19.00,4,0
19.00,5,0
19.00,6,0
19.00,7,10
19.00,8,0
19.00,9,0
19.00,10,64
19.00,11,0
19.00,12,59
19.00,13,0
19.00,14,0
19.00,15,0
19.00,16,64
19.00,17,0
19.00,18,0
19.00,19,0
20.00,0,0
20.00,1,0
20.00,2,0
20.00,3,0
20.00,4,0
20.00,5,0
20.00,6,0
20.00,7,0
20.00,8,0
20.00,9,64
20.00,10,0
20.00,11,64
20.00,12,0
20.00,13,0
20.00,14,0
20.00,15,64
20.00,16,0
20.00,17,0
20.00,18,0
20.00,19,0
21.00,0,0
21.00,1,0
21.00,2,0
21.00,3,0
21.00,4,0
21.00,5,0
21.00,6,0
21.00,7,0
21.00,8,64
21.00,9,0
21.00,10,0
21.00,11,64
21.00,12,1
21.00,13,0
21.00,14,0
21.00,15,0
21.00,16,64
21.00,17,0
21.00,18,0
21.00,19,0
22.00,0,0
22.00,1,0
22.00,2,0
22.00,3,49
22.00,4,5
22.00,5,0
22.00,6,0
22.00,7,0
22.00,8,0
22.00,9,64
22.00,10,0
22.00,11,33
22.00,12,27
22.00,13,0
22.00,14,0
22.00,15,0
22.00,16,64
22.00,17,0
22.00,18,0
22.00,19,0
23.00,0,0
23.00,1,0
23.00,2,0
23.00,3,64
23.00,4,64
23.00,5,0
23.00,6,64
23.00,7,0
23.00,8,0
23.00,9,64
23.00,10,64
23.00,11,47
23.00,12,64
23.00,13,0
23.00,14,0
23.00,15,64
23.00,16,64
23.00,17,0
23.00,18,0
23.00,19,0
24.00,0,0
24.00,1,0
24.00,2,0
24.00,3,64
24.00,4,0
24.00,5,0
24.00,6,0
24.00,7,0
24.00,8,64
24.00,9,0
24.00,10,32
24.00,11,51
24.00,12,64
24.00,13,0
24.00,14,64
24.00,15,0
24.00,16,64
24.00,17,0
24.00,18,0
24.00,19,0
25.00,0,0
25.00,1,0
25.00,2,0
25.00,3,0
25.00,4,0
25.00,5,0
25.00,6,0
25.00,7,63
25.00,8,0
25.00,9,64
25.00,10,4
25.00,11,31
25.00,12,29
25.00,13,0
25.00,14,0
25.00,15,0
25.00,16,1
25.00,17,0
25.00,18,64
25.00,19,0
26.00,0,0
26.00,1,0
26.00,2,43
26.00,3,24
26.00,4,0
26.00,5,0
26.00,6,0
26.00,7,0
26.00,8,59
26.00,9,61
26.00,10,64
26.00,11,4
26.00,12,64
26.00,13,0
26.00,14,0
26.00,15,0
26.00,16,0
26.00,17,0
26.00,18,64
26.00,19,0
27.00,0,0
27.00,1,0
27.00,2,64
27.00,3,3
27.00,4,0
27.00,5,0
27.00,6,0
27.00,7,64
27.00,8,57
27.00,9,0
27.00,10,64
27.00,11,64
27.00,12,1
27.00,13,0
27.00,14,0
27.00,15,0
27.00,16,0
27.00,17,60
27.00,18,0
27.00,19,0
28.00,0,0
28.00,1,0
28.00,2,0
28.00,3,0
28.00,4,0
28.00,5,0
28.00,6,0
28.00,7,64
28.00,8,63
28.00,9,0
28.00,10,0
28.00,11,64
28.00,12,64
28.00,13,0
28.00,14,0
28.00,15,0
28.00,16,0
28.00,17,64
28.00,18,0
28.00,19,0
29.00,0,0
29.00,1,0
29.00,2,64
29.00,3,0
29.00,4,0
29.00,5,0
29.00,6,0
29.00,7,0
29.00,8,64
29.00,9,0
29.00,10,0
29.00,11,0
29.00,12,64
29.00,13,0
29.00,14,0
29.00,15,0
29.00,16,0
29.00,17,64
29.00,18,64
29.00,19,0
30.00,0,0
30.00,1,0
30.00,2,52
30.00,3,64
30.00,4,0
30.00,5,0
30.00,6,0
30.00,7,22
30.00,8,64
30.00,9,7
30.00,10,64
30.00,11,0
30.00,12,64
30.00,13,0
30.00,14,0
30.00,15,0
30.00,16,0
30.00,17,64
30.00,18,0
30.00,19,0
